Symbol,Security,CIK,filing_accession,filing_date,fiscal_year,source_form,revenue_musd,net_income_musd,total_liabilities_musd,total_shareholders_equity_musd,cfo_musd,liabilities_to_shareholders_equity_ratio
A,Agilent Technologies,0001090872,0001090872-24-000049,12/20/2024,2023,10-K,6833,1240,4918,5845,1772,0.841402908
AAL,American Airlines Group,0000006201,0000006201-24-000010,2/21/2024,2023,10-K,52788,822,63058,-5202,3803,-12.1218762
AAPL,Apple Inc.,0000320193,0000320193-23-000106,11/3/2023,2023,10-K,383285,96995,290437,62146,110543,4.673462492
ABBV,AbbVie,0001551152,0001551152-24-000011,2/20/2024,2023,10-K,54318,4863,134711,10360,22839,13.00299228
ABT,Abbott Laboratories,0000001800,0001628280-24-005348,2/16/2024,2023,10-K,40109,5723,73214,38603,7261,1.896588348
ACGL,Arch Capital Group,0000947484,0000947484-24-000020,2/23/2024,2023,10-K,13634,4443,40551,18353,5749,2.209502534
ACN,Accenture,0001467373,0001467373-24-000278,10/10/2024,2023,10-K,16224.3,1973.44,51245.31,25692.84,9524.27,1.99453661
ADBE,Adobe Inc.,0000796343,0000796343-24-000006,1/17/2024,2023,10-K,19409,5428,13261,16518,7302,0.802821165
ADI,Analog Devices,0000006281,0000006281-23-000203,11/21/2023,2023,10-K,12305.54,3314.58,48794.48,35565.12,4817.63,1.371975689
ADM,Archer Daniels Midland,0000007084,0000007084-24-000051,11/18/2024,2023,10-K/A,24072,1170,54631,24145,4460,2.262621661
ADP,Automatic Data Processing,0000008670,0000008670-24-000024,8/7/2024,2023,10-K,18012.2,3412,47461.9,3509.1,4207.6,13.52537688
ADSK,Autodesk,0000769397,0000769397-24-000090,6/10/2024,2023,10-K,5005,823,9438,1145,2071,8.24279476
AEE,Ameren,0001002910,0001002910-24-000056,2/29/2024,2023,10-K,7500,1157,40830,11349,2564,3.597673804
AEP,American Electric Power,0000004904,0000004904-24-000020,2/26/2024,2023,10-K,18982.3,2212.6,71355.6,25246.7,5012.2,2.826333739
AES,AES Corporation,0000874761,0000874761-24-000011,2/26/2024,2023,10-K,12668,249,44799,2488,3034,18.00602894
AFL,Aflac,0000004977,0000004977-24-000053,2/22/2024,2023,10-K,4800,4659,104739,21985,3190,4.764111894
AIG,American International Group,0000005272,0000005272-24-000023,2/14/2024,2023,10-K,46802,3643,488005,45351,6243,10.7606227
AIZ,Assurant,0001267238,0001267238-24-000008,2/15/2024,2023,10-K,11131.6,642.5,28825.7,4809.5,1138.1,5.993492047
AJG,Arthur J. Gallagher & Co.,0000354190,0000950170-24-013370,2/9/2024,2023,10-K,10071.9,969.5,40800.5,10775.3,2031.7,3.786483903
AKAM,Akamai Technologies,0001086222,0001086222-24-000040,2/28/2024,2023,10-K,3811.92,547.63,5302.88,4597.15,1348.44,1.153514678
ALB,Albemarle Corporation,0000915913,0000915913-24-000016,2/15/2024,2023,10-K,9617.2,1573.48,18270.65,9412.18,1325.32,1.941170908
ALGN,Align Technology,0001097149,0001097149-24-000011,2/28/2024,2023,10-K,3862.26,445.05,2453.39,3630.49,785.78,0.675773794
ALL,Allstate,0000899051,0000899051-24-000013,2/21/2024,2023,10-K,13786,-188,85732,17770,4228,4.824535734
ALLE,Allegion,0001579241,0001579241-24-000006,2/20/2024,2023,10-K,3650.8,540.4,2993.2,1318.3,600.6,2.270499886
AMAT,Applied Materials,0000006951,0000006951-23-000041,12/15/2023,2023,10-K,26517,6856,14380,16349,8700,0.879564499
AMCR,Amcor,0001748790,0001748790-25-000023,8/15/2025,2023,10-K,3443,1048,12913,4026,1261,3.207401888
AMD,Advanced Micro Devices,0000002488,0000002488-24-000012,1/31/2024,2023,10-K,22680,854,67885,55892,1667,1.214574537
AME,Ametek,0001037868,0001037868-24-000009,2/22/2024,2023,10-K,6596.95,1313.19,6293.34,8730.19,1735.3,0.720870909
AMGN,Amgen,0000318154,0000318154-24-000011,2/14/2024,2023,10-K,28190,6717,97154,6232,8471,15.58953787
AMP,Ameriprise Financial,0000820027,0000820027-24-000015,2/22/2024,2023,10-K,16096,417,170462,4729,4685,36.04609854
AMT,American Tower,0001053507,0001053507-24-000011,2/27/2024,2023,10-K,11144.2,1367.1,55162.2,4198.2,4722.4,13.13948835
AMZN,Amazon,0001018724,0001018724-24-000008,2/2/2024,2023,10-K,574785,30425,527854,201875,84946,2.614756656
ANET,Arista Networks,0001596532,0001596532-24-000043,2/13/2024,2023,10-K,5860.17,2087.32,2727.75,7219.06,2034.01,0.377853903
AON,Aon plc,0000315293,0001628280-24-005392,2/16/2024,2023,10-K,13376,2564,34701,-826,3435,-42.01089588
AOS,A. O. Smith,0000091142,0000091142-24-000041,2/13/2024,2023,10-K,3852.8,556.6,1369.5,1844.4,670.3,0.742517892
APD,Air Products,0000002969,0000002969-23-000047,11/16/2023,2023,10-K,12600,2300.2,16342.2,14312.9,3205.7,1.14178119
APH,Amphenol,0000820313,0001558370-24-000866,2/7/2024,2023,10-K,12554.7,1928,8099.9,8346.5,2528.7,0.970454682
APO,Apollo Global Management,0001858681,0001858681-24-000031,2/27/2024,2023,10-K,32644,5047,288243,14044,6322,20.52428083
APTV,Aptiv,0001521332,0001521332-24-000011,2/6/2024,2023,10-K,20051,2938,12583,11548,1896,1.089625909
ARE,Alexandria Real Estate Equities,0001035443,0001035443-24-000072,1/29/2024,2023,10-K,2885.7,103.64,14148.41,18471.17,1630.55,0.765972594
ATO,Atmos Energy,0000731802,0000731802-23-000028,11/14/2023,2023,10-K,4275.36,885.86,22516.97,10870.06,3459.74,2.071466947
AVB,AvalonBay Communities,0000915912,0000915912-24-000004,2/23/2024,2023,10-K,2767.91,928.44,8893.42,11783.24,1560.03,0.754751664
AVGO,Broadcom,0001730168,0001730168-24-000139,12/20/2024,2023,10-K,35819,14082,48873,23988,18085,2.037393697
AVY,Avery Dennison,0000008818,0000008818-24-000003,2/21/2024,2023,10-K,8364.3,503,8209.8,2127.9,826,3.858170027
AWK,American Water Works,0001410636,0001410636-24-000050,2/14/2024,2023,10-K,4217,170,30298,9797,1874,3.092579361
AXP,American Express,0000004962,0000004962-24-000013,2/9/2024,2023,10-K,37218,8374,233051,28057,18559,8.306340664
AZO,AutoZone,0000866787,0001558370-23-016668,10/24/2023,2023,10-K,17457.21,2528.43,15985.88,-4349.89,2940.79,-3.675007874
BA,Boeing,0000012927,0000012927-24-000010,1/31/2024,2023,10-K,77794,-2222,154240,-17233,5960,-8.950269831
BAC,Bank of America,0000070858,0000070858-24-000122,2/20/2024,2023,10-K,98581,26515,2888505,291646,44982,9.904147494
BALL,Ball Corporation,0000009389,0001558370-24-001349,2/20/2024,2023,10-K,14029,711,15466,3769,1863,4.103475723
BAX,Baxter International,0000010456,0001628280-24-003932,2/8/2024,2023,10-K,3513,44,19808,8402,1726,2.35753392
BBWI,"Bath & Body Works, Inc.",0000701985,0000701985-24-000010,3/22/2024,2023,10-K,7560,800,5494,-2206,1144,-2.490480508
BBY,Best Buy,0000764478,0000764478-24-000010,3/15/2024,2023,10-K,46298,1419,15803,2795,1824,5.654025045
BDX,Becton Dickinson,0000010795,0000010795-23-000098,11/21/2023,2023,10-K,19372,1484,52780,25796,2990,2.046053652
BEN,Franklin Resources,0000038777,0000038777-23-000169,11/14/2023,2023,10-K,7849.4,882.8,16547.3,11916.9,1138.7,1.388557427
BF.B,Brown–Forman,0000014693,0000014693-24-000086,6/14/2024,2023,10-K,4228,783,4509,3268,640,1.379742962
BIIB,Biogen,0000875045,0000875045-24-000009,2/14/2024,2023,10-K,9835.6,1161.1,12045.4,14799.4,1547.2,0.813911375
BIO,Bio-Rad,0000012208,0000012208-24-000013,2/16/2024,2023,10-K,2671.3,69,3557.94,8741.2,374.94,0.407031071
BK,BNY Mellon,0001390777,0001390777-24-000051,2/28/2024,2023,10-K,17502,3286,368944,40874,5912,9.026373734
BKNG,Booking Holdings,0001075531,0001075531-24-000014,2/22/2024,2023,10-K,21365,4289,27086,-2744,7344,-9.870991254
BKR,Baker Hughes,0001701605,0001701605-24-000033,2/5/2024,2023,10-K,25506,1943,36945,15368,3062,2.404021343
BLK,BlackRock,0002012383,0000950170-25-026584,2/25/2025,2023,10-K,11012,5502,81971,39347,4165,2.083284621
BMY,Bristol Myers Squibb,0000014272,0000014272-24-000044,2/13/2024,2023,10-K,45006,8025,65674,29430,13860,2.23153245
BR,Broadridge Financial Solutions,0001383312,0001383312-24-000039,8/6/2024,2023,10-K,6060.9,630.6,5992.6,2240.6,823.3,2.674551459
BRK.B,Berkshire Hathaway,0001067983,0000950170-24-019719,2/26/2024,2023,10-K,364482,96223,499208,561273,49196,0.889421013
BRO,Brown & Brown,0000079282,0000950170-24-018890,2/22/2024,2023,10-K,4257.1,870.5,14883.4,5578.8,1009.5,2.667849717
BSX,Boston Scientific,0000885725,0000885725-24-000017,2/20/2024,2023,10-K,14240,1592,35136,19282,2503,1.822217612
BWA,BorgWarner,0000908255,0000908255-24-000007,2/8/2024,2023,10-K,14198,217,8387,5828,1397,1.439087165
BXP,"BXP, Inc.",0001037540,0001656423-24-000007,2/27/2024,2023,10-K,3273.57,190.22,17833.78,5876.7,1301.52,3.034658907
C,Citigroup,0000831001,0000831001-24-000033,2/23/2024,2023,10-K,78462,9228,2205583,205453,-73416,10.73521925
CAG,Conagra Brands,0000023217,0001558370-24-009764,7/11/2024,2023,10-K,12277,683.6,13245.3,8736.8,995.4,1.516035619
CAH,Cardinal Health,0000721371,0000721371-24-000056,8/14/2024,2023,10-K,204979,330,43417,-2852,2844,-15.22335203
CARR,Carrier Global,0001783180,0001783180-25-000008,2/11/2025,2023,10-K,4518,1349,23817,9005,2607,2.644863964
CAT,Caterpillar Inc.,0000018230,0000018230-24-000009,2/16/2024,2023,10-K,67060,10332,67973,19503,12885,3.485258678
CB,Chubb Limited,0000896159,0000896159-24-000003,2/23/2024,2023,10-K,49735,9028,166991,59507,12632,2.806241283
CBOE,Cboe Global Markets,0001374310,0001558370-24-001277,2/16/2024,2023,10-K,3773.5,761.4,3502.5,3985,1075.6,0.878920954
CBRE,CBRE Group,0001138118,0001138118-24-000006,2/20/2024,2023,10-K,31949,986,13481,8267,480,1.630700375
CCI,Crown Castle,0001051470,0001051470-24-000062,2/23/2024,2023,10-K,6981,1502,32146,6381,3126,5.037768375
CCL,Carnival,0000815097,0000815097-24-000011,1/26/2024,2023,10-K,21593,-74,49120,6882,4281,7.137460041
CDNS,Cadence Design Systems,0000813672,0000813672-24-000034,2/14/2024,2023,10-K,4089.99,1041.14,5669.49,3404.27,1349.18,1.665405505
CDW,CDW Corporation,0001402057,0001402057-24-000015,2/26/2024,2023,10-K,21376,1104.3,13284.6,2042.5,1598.7,6.504088127
CE,Celanese,0001306830,0001306830-24-000029,2/23/2024,2023,10-K,10940,1960,26597,7091,1899,3.750810887
CEG,Constellation Energy,0001868275,0001868275-24-000014,2/27/2024,2023,10-K,24918,1623,39472,10925,-5301,3.612997712
CF,CF Industries,0001324404,0001324404-24-000008,2/22/2024,2023,10-K,6631,1838,14376,5717,2757,2.514605562
CFG,Citizens Financial Group,0000759944,0000759944-24-000039,2/16/2024,2023,10-K,8224,1608,197622,24342,2961,8.118560513
CHD,Church & Dwight,0000313927,0000950170-24-015810,2/15/2024,2023,10-K,5867.9,755.6,4713.8,3855.4,1030.6,1.222648752
CHRW,C.H. Robinson,0001043277,0001043277-24-000011,2/16/2024,2023,10-K,17596.44,325.13,3806.58,1418.7,731.95,2.683146543
CHTR,Charter Communications,0001091667,0001091667-24-000028,2/2/2024,2023,10-K,54607,4557,147193,11086,14433,13.27737687
CI,Cigna,0001739940,0001739940-24-000005,2/29/2024,2023,10-K,195265,5372,106410,46223,11813,2.302100686
CINF,Cincinnati Financial,0000020286,0000020286-24-000014,2/26/2024,2023,10-K,10013,1843,20671,12098,2052,1.708629526
CL,Colgate-Palmolive,0000021665,0000021665-24-000003,2/15/2024,2023,10-K,19457,2300,15436,609,3745,25.34646962
CLX,Clorox,0000021076,0000021076-24-000030,8/8/2024,2023,10-K,7389,149,5557,220,1158,25.25909091
CMA,Comerica,0000028412,0000028412-24-000185,2/28/2024,2023,10-K,798,881,79428,6406,1251,12.39900094
CMCSA,Comcast,0001166691,0001166691-24-000011,1/31/2024,2023,10-K,121572,15388,264811,82703,28501,3.201951562
CME,CME Group,0001156375,0001156375-24-000010,2/28/2024,2023,10-K,5578.9,3226.2,102968.2,26737.9,3453.8,3.851020462
CMG,Chipotle Mexican Grill,0001058090,0001562762-24-000023,2/8/2024,2023,10-K,9871.65,1228.74,4982.15,3062.21,1783.48,1.626978555
CMI,Cummins,0000026172,0000026172-24-000012,2/12/2024,2023,10-K,34065,840,22101,8850,3966,2.497288136
CMS,CMS Energy,0000811156,0000811156-24-000044,2/8/2024,2023,10-K,7462,887,33517,7544,2309,4.442868505
CNC,Centene Corporation,0001071739,0001071739-24-000037,2/20/2024,2023,10-K,153999,2702,58685,25840,8053,2.271091331
CNP,CenterPoint Energy,0001130310,0001130310-24-000010,2/20/2024,2023,10-K,8696,917,39715,9667,3877,4.10830661
COF,Capital One,0000927628,0000927628-24-000094,2/23/2024,2023,10-K,36787,4887,420375,58089,20575,7.236740175
COIN,Coinbase,0001679788,0001679788-24-000022,2/15/2024,2023,10-K,3108.38,94.87,200701.3,6281.65,922.95,31.95041112
COO,Cooper Companies (The),0000711404,0000711404-23-000072,12/8/2023,2023,10-K,3593.2,294.2,4107.9,7550.8,607.5,0.544035069
COP,ConocoPhillips,0001163165,0001163165-24-000010,2/15/2024,2023,10-K,56141,10957,46645,49279,19965,0.94654924
COR,Cencora,0001140859,0001140859-23-000197,11/21/2023,2023,10-K,262173.41,1745.29,62558.75,522,3911.33,119.8443487
COST,Costco,0000909832,0000909832-23-000042,10/11/2023,2023,10-K,242290,6292,43936,25058,11068,1.753372177
CPAY,Corpay,0001175454,0001628280-24-008060,2/29/2024,2023,10-K,901.33,214.84,15476.25,2881.86,877.66,5.370229643
CPB,Campbell's Company (The),0000016732,0000016732-23-000109,9/21/2023,2023,10-K,9357,858,8395,3661,1143,2.29308932
CPRT,Copart,0000900075,0000900075-23-000034,9/28/2023,2023,10-K,3869.52,1237.74,750.44,5987.44,1364.21,0.125335703
CPT,Camden Property Trust,0000906345,0000906345-24-000007,2/22/2024,2023,10-K,3.45,403.31,4331.97,4980.76,794.95,0.869740762
CRL,Charles River Laboratories,0001100682,0001100682-24-000007,2/14/2024,2023,10-K,4129.41,474.62,4536,3596.88,683.9,1.261092947
CRM,Salesforce,0001108524,0001108524-24-000005,3/6/2024,2023,10-K,31352,208,40490,58359,7111,0.69380901
CRWD,CrowdStrike,0001535527,0001535527-24-000007,3/7/2024,2023,10-K,2241.24,-183.25,3539.11,1463.64,941.01,2.418019458
CSCO,Cisco,0000858877,0000858877-24-000017,9/5/2024,2023,10-K,56998,12613,57499,44353,19886,1.296394832
CSGP,CoStar Group,0001057352,0001057352-24-000013,2/22/2024,2023,10-K,2455,374.7,1581.1,7338.6,489.5,0.215449813
CSX,CSX Corporation,0000277948,0000277948-25-000008,2/27/2025,2023,10-K,14657,1958,30275,11985,2473,2.526074259
CTAS,Cintas,0000723254,0000723254-24-000036,7/25/2024,2023,10-K,8815.77,1348.01,8546.36,3863.99,1597.81,2.211796614
CTRA,Coterra,0000858470,0000858470-24-000019,2/23/2024,2023,10-K,5914,1625,7368,13039,3658,0.565074009
CTSH,Cognizant,0001058290,0001058290-24-000017,2/14/2024,2023,10-K,19353,2126,5256,13227,2330,0.397369018
CTVA,Corteva,0001755672,0001755672-24-000004,2/8/2024,2023,10-K,17226,735,42996,25037,1769,1.717298398
CVS,CVS Health,0000064803,0000064803-24-000007,2/7/2024,2023,10-K,357776,8344,173092,76461,13426,2.263794614
CVX,Chevron Corporation,0000093410,0000093410-24-000013,2/26/2024,2023,10-K,200949,21369,99703,160957,35609,0.619438732
CZR,Caesars Entertainment,0001590895,0001590895-24-000051,2/20/2024,2023,10-K,11528,786,28646,4552,1809,6.293057996
D,Dominion Energy,0000715957,0000950170-24-019110,2/23/2024,2023,10-K,3883,981,81503,27529,6572,2.960623343
DAL,Delta Air Lines,0000027904,0000027904-24-000003,2/12/2024,2023,10-K,58048,4609,73644,11105,6464,6.631607384
DASH,DoorDash,0001792789,0001628280-24-005600,2/20/2024,2023,10-K,8635,-558,4026,6806,1673,0.591536879
DAY,Dayforce,0001725057,0000950170-24-022100,2/28/2024,2023,10-K,1513.7,54.8,6612.7,2398.2,219.5,2.757359686
DD,DuPont,0001666700,0001666700-25-000005,2/14/2025,2023,10-K,12068,423,13827,24279,2191,0.56950451
DDOG,Datadog,0001561550,0001561550-24-000009,2/23/2024,2023,10-K,2128.36,48.57,1910.72,2025.35,659.95,0.943402375
DE,Deere & Company,0000315189,0001558370-23-019812,12/15/2023,2023,10-K,61251,10166,82201,21785,8589,3.77328437
DECK,Deckers Brands,0000910521,0000910521-24-000017,5/24/2024,2023,10-K,3627.29,516.82,2556.2,1765.73,537.42,1.4476732
DELL,Dell Technologies,0001571996,0001571996-24-000036,3/25/2024,2023,10-K,102301,2442,92636,-3122,3565,-29.67200512
DG,Dollar General,0000029534,0001558370-24-003813,3/25/2024,2023,10-K,37844.86,2415.99,29083.37,5541.77,1984.56,5.248029059
DGX,Quest Diagnostics,0001022079,0001022079-24-000041,2/22/2024,2023,10-K,9252,854,14022,6307,1272,2.223244015
DHI,D. R. Horton,0000882184,0000882184-23-000115,11/17/2023,2023,10-K,35460.4,4745.7,9444.5,22696.2,4304.1,0.416126929
DHR,Danaher Corporation,0000313616,0000313616-24-000052,2/21/2024,2023,10-K,5949,4764,84488,53486,7164,1.579628314
DIS,Walt Disney Company (The),0001744489,0001744489-24-000064,1/24/2024,2023,10-K/A,88898,2354,205579,99277,9866,2.070761606
DLR,Digital Realty,0001297996,0001558370-24-001575,2/23/2024,2023,10-K,5477.06,948.84,23116.94,19117.53,1634.78,1.209201189
DLTR,Dollar Tree,0000935703,0000935703-24-000011,3/20/2024,2023,10-K,28331.7,1615.4,14270.6,8751.5,1614.8,1.630646175
DOC,Healthpeak Properties,0000765880,0001628280-24-004094,2/9/2024,2023,10-K,2181,306.01,8773.98,6350.45,956.24,1.381631223
DOV,Dover Corporation,0000029905,0000029905-24-000008,2/9/2024,2023,10-K,8438.13,1056.83,11348.51,5106.6,1336.35,2.222322093
DOW,Dow Inc.,0001751788,0001751788-24-000010,1/31/2024,2023,10-K,44622,660,57967,18607,5196,3.115332939
DPZ,Domino's,0001286681,0000950170-24-019725,2/26/2024,2023,10-K,4537.16,452.26,5745.27,-4070.37,475.32,-1.411485934
DRI,Darden Restaurants,0000940944,0000940944-24-000035,7/19/2024,2023,10-K,10487.8,981.9,8040,2201.5,1552.8,3.652055417
DTE,DTE Energy,0000936340,0000936340-24-000076,2/8/2024,2023,10-K,12745,1397,44755,11050,3220,4.050226244
DUK,Duke Energy,0001326160,0001326160-24-000037,2/23/2024,2023,10-K,28674,2841,176893,49112,9878,3.601828474
DVA,DaVita,0000927066,0000927066-24-000013,2/14/2024,2023,10-K,12140.15,691.53,14150.23,1056.1,2059.03,13.39857021
DVN,Devon Energy,0001090012,0000950170-24-021781,2/28/2024,2023,10-K,15258,3747,24490,12061,6544,2.030511566
DXCM,Dexcom,0001093557,0001093557-24-000021,2/8/2024,2023,10-K,3622.3,541.5,4195.9,2068.6,748.5,2.02837668
EA,Electronic Arts,0000712515,0000712515-24-000023,5/22/2024,2023,10-K,7426,802,6166,7293,1550,0.845468257
EBAY,eBay Inc.,0001065088,0001065088-24-000036,2/28/2024,2023,10-K,10112,2767,15224,6396,2426,2.380237649
ECL,Ecolab,0000031462,0001558370-24-001581,2/23/2024,2023,10-K,3571.6,1372.3,13774.4,8044.7,2411.8,1.712232899
ED,Consolidated Edison,0001047862,0001047862-24-000012,2/15/2024,2023,10-K,14663,2519,66331,21158,2156,3.135031667
EFX,Equifax,0000033185,0000033185-24-000017,2/22/2024,2023,10-K,5265.2,545.3,7592.5,4534.1,1116.8,1.674532983
EG,Everest Group,0001095073,0001095073-24-000009,2/28/2024,2023,10-K,14587,2517,36197,13202,4553,2.741781548
EIX,Edison International,0000827052,0000827052-24-000013,2/22/2024,2023,10-K,16338,1407,63814,15501,3401,4.11676666
EL,Estée Lauder Companies (The),0001001250,0001001250-24-000116,8/19/2024,2023,10-K,15910,1010,23415,5585,1731,4.192479857
ELV,Elevance Health,0001156039,0001156039-24-000015,2/21/2024,2023,10-K,171340,5987,69523,39306,8061,1.768763039
EMN,Eastman Chemical Company,0000915389,0000915389-24-000016,2/14/2024,2023,10-K,9210,894,9103,5458,1374,1.667827043
EMR,Emerson Electric,0000032604,0000032604-24-000041,11/12/2024,2023,10-K,4117,142,42746,20689,637,2.066122094
ENPH,Enphase Energy,0001463101,0001463101-24-000024,2/9/2024,2023,10-K,2290.79,438.94,2399.39,983.62,696.78,2.439346496
EOG,EOG Resources,0000821189,0000821189-24-000011,2/22/2024,2023,10-K,24186,7594,43857,28090,11340,1.561302955
EPAM,EPAM Systems,0001352010,0001352010-24-000008,2/22/2024,2023,10-K,4690.54,417.08,880.89,3470.89,562.63,0.253793696
EQIX,Equinix,0001101239,0001628280-24-005350,2/16/2024,2023,10-K,8188.14,969.18,20137.22,12488.89,3216.59,1.612410711
EQR,Equity Residential,0000906107,0000950170-24-015907,2/15/2024,2023,10-K,2873.96,835.44,8456.19,11085.83,1532.8,0.762792682
EQT,EQT Corporation,0000033213,0000033213-24-000008,2/14/2024,2023,10-K,6908.92,1735.23,10504.28,14773.2,3178.85,0.711036201
ERIE,Erie Indemnity,0000922621,0000922621-24-000006,2/26/2024,2023,10-K,3268.94,446.06,809.13,1662.84,381.2,0.486595223
ES,Eversource Energy,0000072741,0000072741-24-000005,2/14/2024,2023,10-K,11910.7,-434.7,55612.25,14173.89,1646.16,3.923570029
ESS,Essex Property Trust,0000920522,0000920522-24-000033,2/23/2024,2023,10-K,1669.39,430.71,6735.24,5422.75,980.06,1.242034023
ETN,Eaton Corporation,0001551182,0001551182-24-000006,2/29/2024,2023,10-K,23196,3218,38432,19036,3624,2.018911536
ETR,Entergy,0000065984,0000065984-24-000012,2/23/2024,2023,10-K,12147.41,2356.54,59703.4,14622.65,4294.33,4.082939823
ETSY,Etsy,0001370637,0001370637-24-000013,2/22/2024,2023,10-K,2748.38,307.57,3229.11,-543.72,705.51,-5.938920768
EVRG,Evergy,0001711269,0001711269-24-000007,2/29/2024,2023,10-K,5508.2,731.3,30976.1,9663.1,1980.2,3.205606896
EW,Edwards Lifesciences,0001099800,0001099800-24-000004,2/12/2024,2023,10-K,6004.8,1402.4,2643.8,6650,895.8,0.39756391
EXC,Exelon,0001109357,0001109357-24-000053,2/21/2024,2023,10-K,21727,2328,75791,25755,4703,2.942768394
EXE,Expand Energy,0000895126,0000895126-24-000013,2/21/2024,2023,10-K,8721,2419,3647,10729,2380,0.339919843
EXPD,Expeditors International,0000746515,0000950170-24-019394,2/23/2024,2023,10-K,9300.11,752.88,4523.81,2390.35,1053.19,1.892530383
EXPE,Expedia Group,0001324424,0001324424-24-000007,2/9/2024,2023,10-K,12839,797,21642,1534,2690,14.10821382
EXR,Extra Space Storage,0001289490,0001628280-24-008044,2/29/2024,2023,10-K,2560.24,803.2,12042.31,14390.92,1402.47,0.836799176
F,Ford Motor Company,0000037996,0000037996-24-000009,2/7/2024,2023,10-K,176191,4347,230512,42773,14918,5.389194118
FANG,Diamondback Energy,0001539838,0001539838-24-000019,2/22/2024,2023,10-K,8412,3143,11571,16625,5920,0.696
FAST,Fastenal,0000815556,0000815556-24-000009,2/6/2024,2023,10-K,7346.7,1155,4462.9,3348.8,1432.7,1.332686335
FCX,Freeport-McMoRan,0000831259,0000831259-24-000011,2/16/2024,2023,10-K,22855,3751,25196,16693,5279,1.509375187
FDS,FactSet,0001013237,0001013237-23-000128,10/27/2023,2023,10-K,2085.51,468.17,2342.99,1619.93,645.57,1.44635262
FDX,FedEx,0001048911,0000950170-24-083577,7/15/2024,2023,10-K,90155,3972,87143,26088,8848,3.340348053
FE,FirstEnergy,0001031296,0001031296-24-000008,2/13/2024,2023,10-K,12870,1102,37851,10437,1387,3.626616844
FFIV,"F5, Inc.",0001048695,0001048695-23-000039,11/14/2023,2023,10-K,2813.17,394.95,5248.33,2800.23,653.41,1.874249615
FI,Fiserv,0000798354,0000798354-24-000037,2/22/2024,2023,10-K,19093,3068,60221,29857,5162,2.016980942
FIS,Fidelity National Information Services,0001136893,0001136893-24-000015,2/26/2024,2023,10-K,2397,140,36006,19093,4335,1.885822029
FITB,Fifth Third Bancorp,0000035527,0000035527-24-000088,2/27/2024,2023,10-K,577,2349,195402,19172,4509,10.19205091
FMC,FMC Corporation,0000037785,0000037785-24-000033,2/27/2024,2023,10-K,1344.3,196,11926.2,4410.9,-300.3,2.703801945
FOX,Fox Corporation (Class B),0001754301,0001628280-24-036123,8/8/2024,2023,10-K,14913,1253,21866,10378,1800,2.106957024
FOXA,Fox Corporation (Class A),0001754301,0001628280-24-036123,8/8/2024,2023,10-K,14913,1253,21866,10378,1800,2.106957024
FRT,Federal Realty Investment Trust,0000034903,0000034903-24-000032,2/12/2024,2023,10-K,1132.15,236.99,5210.99,2963.51,555.83,1.758384483
FSLR,First Solar,0001274494,0001274494-24-000004,2/27/2024,2023,10-K,3318.6,830.78,3677.66,6687.47,602.26,0.549932934
FTNT,Fortinet,0001262039,0001262039-24-000014,2/26/2024,2023,10-K,5304.8,1147.8,7722.3,-463.4,1935.5,-16.66443677
FTV,Fortive,0001659166,0001659166-25-000024,2/25/2025,2023,10-K,6065.3,865.8,16911.8,10318.9,1353.6,1.638915001
GD,General Dynamics,0000040533,0000040533-24-000007,2/8/2024,2023,10-K,42272,3315,54810,21299,4710,2.573360252
GDDY,GoDaddy,0001609711,0001609711-24-000022,2/29/2024,2023,10-K,4254.1,1374.8,7564.9,62.2,1047.6,121.6221865
GE,GE Aerospace,0000040545,0000040545-24-000027,2/2/2024,2023,10-K,14486,7506,134466,27378,5179,4.911461758
GEN,Gen Digital,0000849399,0000849399-24-000036,5/16/2024,2023,10-K,3338,1349,13747,2200,757,6.248636364
GILD,Gilead Sciences,0000882095,0000882095-24-000007,2/23/2024,2023,10-K,27116,5665,62125,22833,8006,2.72084264
GIS,General Mills,0000040704,0001193125-24-168943,6/26/2024,2023,10-K,1957.4,2593.9,20751.7,10449.6,2778.6,1.985884627
GL,Globe Life,0000320335,0000320335-24-000006,2/28/2024,2023,10-K,1321.32,223.61,23564.7,4486.8,1482.42,5.252005884
GLW,Corning Inc.,0000024741,0001437749-24-003735,2/12/2024,2023,10-K,12588,581,16632,11551,2005,1.439875335
GM,General Motors,0001467858,0001467858-24-000031,1/30/2024,2023,10-K,171842,10127,204757,64286,20930,3.185094733
GNRC,Generac,0001474735,0001437749-24-005040,2/21/2024,2023,10-K,887.91,12.43,2743.69,2340.25,521.67,1.172391838
GOOG,Alphabet Inc. (Class C),0001652044,0001652044-24-000022,1/31/2024,2023,10-K,307394,73795,119013,283379,101746,0.419978192
GOOGL,Alphabet Inc. (Class A),0001652044,0001652044-24-000022,1/31/2024,2023,10-K,307394,73795,119013,283379,101746,0.419978192
GPC,Genuine Parts Company,0000040987,0000040987-24-000024,2/22/2024,2023,10-K,23090.61,1316.52,17968.45,4401.05,1435.61,4.08276434
GPN,Global Payments,0001123360,0001123360-24-000004,2/14/2024,2023,10-K,9654.42,986.23,26782.67,22999.21,2248.74,1.164503911
GRMN,Garmin,0001121788,0000950170-24-017559,2/21/2024,2023,10-K,5228.25,1289.64,8603.57,7012.06,1376.27,1.226967539
GS,Goldman Sachs,0000886982,0000886982-24-000006,2/23/2024,2023,10-K,46254,8516,1524689,116905,-12587,13.04211967
GWW,W. W. Grainger,0000277135,0000277135-24-000011,2/22/2024,2023,10-K,16478,1829,8147,3115,2031,2.61540931
HAL,Halliburton,0000045012,0000045012-24-000007,2/6/2024,2023,10-K,23018,2638,15250,9391,3458,1.623895219
HAS,Hasbro,0000046080,0000046080-24-000034,2/28/2024,2023,10-K,5003.3,-1489.3,5453.9,1087,725.6,5.017387305
HBAN,Huntington Bancshares,0000049196,0000049196-24-000020,2/16/2024,2023,10-K,1400,1951,169970,19353,2657,8.782617682
HCA,HCA Healthcare,0000860730,0000950170-24-016524,2/16/2024,2023,10-K,64968,5242,56211,-1774,9431,-31.68602029
HD,Home Depot (The),0000354950,0000354950-24-000062,3/13/2024,2023,10-K,157403,17105,74883,1562,14615,47.94046095
HIG,Hartford (The),0000874766,0000874766-24-000016,2/23/2024,2023,10-K,5910,535,61453,15327,4220,4.009460429
HII,Huntington Ingalls Industries,0001501585,0001501585-24-000007,2/1/2024,2023,10-K,11454,681,7122,4093,970,1.740043978
HLT,Hilton Worldwide,0001585689,0001585689-24-000027,2/7/2024,2023,10-K,10235,1141,17748,-2360,1946,-7.520338983
HOLX,Hologic,0000859737,0000859737-23-000023,11/21/2023,2023,10-K,4030.4,456,9139.3,5016.9,1051.2,1.821702645
HON,Honeywell,0000773840,0000773840-24-000014,2/16/2024,2023,10-K,36662,5658,61525,15856,5340,3.880234612
HPE,Hewlett Packard Enterprise,0001645590,0001645590-23-000117,12/22/2023,2023,10-K,29135,2025,57153,21182,4428,2.69818714
HPQ,HP Inc.,0000047217,0000047217-23-000100,12/18/2023,2023,10-K,53718,3263,37004,-1069,3571,-34.61552853
HRL,Hormel Foods,0000048465,0000048465-23-000083,12/6/2023,2023,10-K,12110.01,793.57,13448.77,7734.89,1047.85,1.738715095
HSIC,Henry Schein,0001000228,0001000228-24-000011,2/28/2024,2023,10-K,12339,416,5420,3655,500,1.482900137
HST,Host Hotels & Resorts,0001070750,0001070750-24-000081,2/28/2024,2023,10-K,5311,740,5417,6633,1441,0.816674205
HSY,Hershey Company (The),0000047111,0000047111-24-000009,2/20/2024,2023,10-K,11164.99,1861.79,7803.85,4099.09,2323.19,1.9038006
HUM,Humana,0000049071,0000049071-24-000012,2/15/2024,2023,10-K,106374,2489,30747,16262,3981,1.890726848
HWM,Howmet Aerospace,0000004281,0000004281-24-000007,2/13/2024,2023,10-K,6640,765,6391,4037,901,1.583106267
IBKR,Interactive Brokers,0001381197,0001381197-24-000083,2/27/2024,2023,10-K,1557,2812,114356,3584,4544,31.90736607
IBM,IBM,0000051143,0000051143-24-000012,2/26/2024,2023,10-K,61860,7502,112628,22533,13931,4.998357964
ICE,Intercontinental Exchange,0001571949,0001571949-24-000007,2/8/2024,2023,10-K,9903,2368,110298,25717,3542,4.288913948
IDXX,Idexx Laboratories,0000874716,0000874716-24-000057,2/22/2024,2023,10-K,3660.95,845.04,1775.39,1484.53,906.51,1.195927331
IEX,IDEX Corporation,0000832101,0000832101-24-000009,2/22/2024,2023,10-K,3273.9,596.1,2324,3541.4,716.7,0.656237646
IFF,International Flavors & Fragrances,0000051253,0000051253-24-000006,2/28/2024,2023,10-K,11479,-2563,30978,14611,1439,2.120183423
ILMN,Illumina,0001110803,0001110803-24-000010,2/16/2024,2023,10-K,4584,-4404,10111,5745,392,1.759965187
INCY,Incyte,0000879169,0000879169-24-000045,2/13/2024,2023,10-K,3695.65,597.6,1592.27,5189.84,496.49,0.306805219
INTC,Intel,0000050863,0000050863-24-000010,1/26/2024,2023,10-K,54228,1689,191572,105590,11471,1.814300597
INTU,Intuit,0000896878,0000896878-24-000039,9/4/2024,2023,10-K,14368,2384,10511,17269,5046,0.608662922
INVH,Invitation Homes,0001687229,0001687229-24-000013,2/21/2024,2023,10-K,2432.28,519.47,9030.53,10155.97,1107.09,0.889184391
IP,International Paper,0000051434,0000051434-24-000024,2/16/2024,2023,10-K,18916,288,23261,8355,1833,2.784081388
IPG,Interpublic Group of Companies (The),0000051644,0000051644-24-000013,2/20/2024,2023,10-K,10889.3,1098.4,15221.2,3942.6,554.7,3.86070106
IQV,IQVIA,0001478242,0001478242-24-000038,2/15/2024,2023,10-K,14984,1358,20569,6112,2149,3.365346859
IR,Ingersoll Rand,0001699150,0001628280-24-006642,2/23/2024,2023,10-K,6876.1,778.7,5716.8,9783.8,1377.4,0.584312844
IRM,Iron Mountain,0001020569,0001020569-24-000040,2/22/2024,2023,10-K,5480.29,187.26,17473.8,211.65,1113.57,82.55988661
ISRG,Intuitive Surgical,0001035267,0001035267-24-000021,1/31/2024,2023,10-K,7124.1,1798,2044.2,13307.6,1813.8,0.15361147
IT,Gartner,0000749251,0000749251-24-000006,2/15/2024,2023,10-K,5906.96,882.47,7155.28,680.63,1155.74,10.51273085
ITW,Illinois Tool Works,0000049826,0000049826-24-000008,2/9/2024,2023,10-K,16107,2957,15518,3013,3539,5.15034849
IVZ,Invesco,0000914208,0000914208-24-000219,2/21/2024,2023,10-K,5716.4,-333.7,13017.8,14597.6,1300.8,0.89177673
J,Jacobs Solutions,0000052988,0000052988-24-000065,11/25/2024,2023,10-K,2810.23,171.61,14617.11,6546.22,974.76,2.232908457
JBHT,J.B. Hunt,0000728535,0001437749-24-005368,2/23/2024,2023,10-K,12829.67,728.29,4434.5,4103.76,1744.62,1.080594382
JCI,Johnson Controls,0000833444,0000833444-23-000048,12/14/2023,2023,10-K,26793,1849,42242,16545,2221,2.553158054
JKHY,Jack Henry & Associates,0000779152,0000779152-24-000079,8/26/2024,2023,10-K,2077.7,366.65,1165.32,1608.51,381.56,0.724471716
JNJ,Johnson & Johnson,0000200406,0000200406-24-000013,2/16/2024,2023,10-K,79990,17941,98784,68774,21194,1.436356763
JPM,JPMorgan Chase,0000019617,0000019617-24-000225,2/16/2024,2023,10-K,158104,49552,3547515,327878,12974,10.81961888
K,Kellanova,0000055067,0001628280-24-005583,2/20/2024,2023,10-K,3342,298,15621,3175,1645,4.92
KDP,Keurig Dr Pepper,0001418135,0001418135-24-000007,2/22/2024,2023,10-K,14814,2181,26454,25676,1329,1.03030067
KEY,KeyCorp,0000091576,0000091576-24-000040,2/22/2024,2023,10-K,6413,967,173644,14637,2903,11.86335998
KEYS,Keysight Technologies,0001601046,0001601046-24-000159,12/17/2024,2023,10-K,5464,1057,4029,4654,1408,0.865706919
KHC,Kraft Heinz,0001637459,0001637459-24-000018,2/15/2024,2023,10-K,26640,2855,40617,49526,3976,0.820114687
KIM,Kimco Realty,0000879101,0001437749-24-005407,2/26/2024,2023,10-K,1783.4,654.27,8548.29,9525.47,1071.61,0.897413986
KKR,KKR & Co.,0001404912,0001404912-24-000005,2/29/2024,2023,10-K,14499.31,3732.26,258915.28,22858.69,-1493.81,11.32677682
KLAC,KLA Corporation,0000319201,0000319201-24-000021,8/5/2024,2023,10-K,10496.06,3387.28,11152.6,2919.75,3669.8,3.819710592
KMB,Kimberly-Clark,0000055785,0000055785-24-000018,2/8/2024,2023,10-K,20431,1764,17344,915,3542,18.95519126
KMI,Kinder Morgan,0001506307,0001506307-24-000011,2/20/2024,2023,10-K,15334,2391,39291,30306,6491,1.296475945
KMX,CarMax,0001170010,0001170010-24-000034,4/15/2024,2023,10-K,29684.87,484.76,20569.66,5613.08,1283.33,3.664594127
KO,Coca-Cola Company (The),0000021344,0000021344-25-000011,2/20/2025,2023,10-K,45754,10714,97703,25941,11599,3.76635442
KR,Kroger,0000056873,0001558370-24-004603,4/2/2024,2023,10-K,148258,2244,39609,10042,4498,3.944333798
L,Loews Corporation,0000060086,0000060086-24-000029,2/6/2024,2023,10-K,15901,1434,62672,15704,3907,3.990830362
LDOS,Leidos,0001336920,0001336920-24-000008,2/13/2024,2023,10-K,15438,199,8437,4201,1165,2.00833135
LEN,Lennar,0000920760,0001628280-24-002371,1/26/2024,2023,10-K,34233.37,3938.51,12532.34,26580.66,5179.74,0.471483402
LH,Labcorp,0000920148,0000920148-24-000014,2/26/2024,2023,10-K,12161.6,418,8834.6,7875,1327.7,1.121853968
LHX,L3Harris,0000202058,0000202058-24-000029,2/20/2024,2023,10-K,19419,1227,22858,18765,2096,1.218118838
LII,Lennox International,0001069202,0001628280-24-004446,2/13/2024,2023,10-K,4981.9,590.1,2513,285.3,736.2,8.808271994
LIN,Linde plc,0001707925,0001628280-24-007424,2/28/2024,2023,10-K,32854,6199,39716,39720,9305,0.999899295
LKQ,LKQ Corporation,0001065696,0001065696-24-000009,2/22/2024,2023,10-K,13866,938,15079,6167,1356,2.445111075
LLY,Lilly (Eli),0000059478,0000059478-24-000065,2/21/2024,2023,10-K,34124.1,5240.4,64006.3,10771.9,4240.1,5.941969383
LMT,Lockheed Martin,0000936468,0000936468-24-000010,1/23/2024,2023,10-K,67571,6920,45621,6835,7920,6.674615947
LNT,Alliant Energy,0000352541,0000352541-24-000014,2/16/2024,2023,10-K,4027,703,21237,6777,867,3.133687472
LOW,Lowe's,0000060667,0000060667-24-000033,3/25/2024,2023,10-K,97059,6437,57962,-14254,8589,-4.066367335
LRCX,Lam Research,0000707549,0000707549-24-000106,8/29/2024,2023,10-K,17428.52,4510.93,10571.47,8210.17,5178.94,1.287606712
LUV,Southwest Airlines,0000092380,0000092380-24-000027,2/6/2024,2023,10-K,26091,465,36487,10515,3164,3.469995245
LVS,Las Vegas Sands,0001300514,0001300514-24-000048,2/7/2024,2023,10-K,2120,147,17674,4118,3227,4.291889267
LW,Lamb Weston,0001679273,0001679273-24-000036,7/24/2024,2023,10-K,5350.6,1008.9,6519.8,1411.3,761.7,4.619712322
LYB,LyondellBasell,0001489393,0001489393-24-000012,2/22/2024,2023,10-K,41107,2121,37000,12930,4942,2.861562258
LYV,Live Nation Entertainment,0001335258,0001335258-25-000028,2/21/2025,2023,10-K,8753.07,268.35,19074.04,-17.15,1370.79,-1112.188921
MA,Mastercard,0001141391,0001141391-24-000022,2/13/2024,2023,10-K,25098,11195,35451,6929,11980,5.116322702
MAA,Mid-America Apartment Communities,0000912595,0000950170-24-013275,2/9/2024,2023,10-K,2148.47,552.81,5185.38,6094.07,1137.19,0.850889471
MAR,Marriott International,0001048286,0001628280-24-004372,2/13/2024,2023,10-K,23713,3083,25674,-682,3170,-37.64516129
MAS,Masco,0000062996,0000062996-24-000006,2/8/2024,2023,10-K,7967,908,5247,-126,1413,-41.64285714
MCD,McDonald's,0000063908,0000063908-24-000072,2/22/2024,2023,10-K,25493.7,8468.8,56146.8,-4707,9611.9,-11.92836201
MCHP,Microchip Technology,0000827054,0000827054-24-000098,5/23/2024,2023,10-K,8438.7,2237.7,16370.3,6513.6,3621,2.513249202
MCK,McKesson Corporation,0000927653,0000927653-24-000035,5/8/2024,2023,10-K,276711,3560,62320,-1857,5159,-33.55950458
MCO,Moody's Corporation,0001059556,0001059556-24-000017,2/14/2024,2023,10-K,5916,1607,11146,3318,2151,3.359252562
MDLZ,Mondelez International,0001103982,0001103982-24-000019,2/2/2024,2023,10-K,36016,4959,43025,28332,4714,1.518600875
MDT,Medtronic,0001613103,0001613103-24-000072,6/20/2024,2023,10-K,31227,3758,39283,51483,6039,0.763028573
MET,MetLife,0001099219,0001099219-24-000035,2/16/2024,2023,10-K,15388,80,657331,30015,13721,21.90008329
META,Meta Platforms,0001326801,0001326801-24-000012,2/2/2024,2023,10-K,134902,39098,76455,153168,71113,0.499157788
MGM,MGM Resorts,0000789570,0000789570-24-000005,2/23/2024,2023,10-K,16164.25,1142.18,38001.05,3811.17,2690.78,9.970966921
MHK,Mohawk Industries,0000851968,0000851968-24-000027,2/23/2024,2023,10-K,11135.11,-439.52,5930.73,7623.07,1329.23,0.777997578
MKC,McCormick & Company,0000063754,0000063754-24-000027,1/25/2024,2023,10-K,6662.2,680.6,7778.8,5060.7,1237.3,1.537099611
MKTX,MarketAxess,0001278021,0000950170-24-018935,2/22/2024,2023,10-K,752.55,258.06,722.1,1292.96,333.77,0.558485955
MLM,Martin Marietta Materials,0000916076,0000950170-24-019275,2/23/2024,2023,10-K,6777.2,1168.9,7089.3,8033.2,1528.4,0.882500124
MMC,Marsh McLennan,0000062709,0000062709-24-000016,2/12/2024,2023,10-K,22736,3756,48030,12370,4258,3.882780922
MMM,3M,0000066740,0000066740-24-000016,2/7/2024,2023,10-K,32681,-6995,45712,4807,6680,9.509465363
MNST,Monster Beverage,0000865752,0001104659-24-029425,2/29/2024,2023,10-K,7140.03,1630.99,9686.52,8228.74,1717.75,1.177157135
MO,Altria,0000764180,0000764180-24-000018,2/27/2024,2023,10-K,24483,8130,42060,-3540,9287,-11.88135593
MOH,Molina Healthcare,0001179929,0001179929-24-000033,2/13/2024,2023,10-K,34072,1091,10677,4215,1662,2.533096085
MOS,Mosaic Company (The),0001285785,0001618034-24-000004,2/22/2024,2023,10-K,13696.1,1164.9,23032.8,12290.2,2407.2,1.874078534
MPC,Marathon Petroleum,0001510295,0001510295-24-000015,2/28/2024,2023,10-K,148379,9681,54588,24404,14117,2.236846419
MPWR,Monolithic Power Systems,0001280452,0001437749-24-006133,2/29/2024,2023,10-K,1821.07,427.37,384.41,2049.94,638.21,0.187522562
MRK,Merck & Co.,0000310158,0001628280-24-006850,2/26/2024,2023,10-K,60115,365,106675,37581,13006,2.83853543
MRNA,Moderna,0001682852,0001682852-24-000015,2/23/2024,2023,10-K,6848,-4714,4572,13854,-3118,0.330012993
MS,Morgan Stanley,0000895421,0000895421-24-000300,2/22/2024,2023,10-K,54143,9087,1093711,99038,-33536,11.043347
MSCI,MSCI Inc.,0001408198,0001408198-24-000030,2/9/2024,2023,10-K,2528.92,1148.59,6257.98,-739.76,1236.03,-8.459473343
MSFT,Microsoft,0000789019,0000950170-24-087843,7/30/2024,2023,10-K,211915,72361,205753,206223,87582,0.997720914
MSI,Motorola Solutions,0000068505,0000068505-24-000008,2/15/2024,2023,10-K,9978,1709,13336,724,2044,18.4198895
MTB,M&T Bank,0000036270,0000950170-24-017990,2/21/2024,2023,10-K,9643,2741,181307,26957,3905,6.72578551
MTCH,Match Group,0000891103,0000891103-24-000014,2/23/2024,2023,10-K,3364.5,651.47,4507.89,-19.55,896.79,-230.5826087
MTD,Mettler Toledo,0001037646,0001037646-24-000007,2/9/2024,2023,10-K,3788.31,788.78,3505.49,-149.94,965.87,-23.37928505
MU,Micron Technology,0000723125,0000723125-23-000054,10/6/2023,2023,10-K,15540,-5833,20134,44120,1559,0.456346328
NCLH,Norwegian Cruise Line Holdings,0001513761,0001558370-24-001935,2/28/2024,2023,10-K,8549.92,166.18,19192.18,300.81,2005.71,63.80166883
NDAQ,"Nasdaq, Inc.",0001120193,0001120193-24-000006,2/21/2024,2023,10-K,6064,1059,21467,10816,1696,1.984744822
NDSN,Nordson Corporation,0000072331,0000072331-23-000242,12/20/2023,2023,10-K,2628.63,487.49,5251.77,2598.06,641.28,2.021419829
NEE,NextEra Energy,0000753308,0000753308-24-000008,2/16/2024,2023,10-K,24800,7310,118465,47468,11301,2.495681301
NEM,Newmont,0001164727,0001164727-24-000016,2/29/2024,2023,10-K,11812,-2494,26301,29027,2763,0.906087436
NFLX,Netflix,0001065280,0001065280-24-000030,1/26/2024,2023,10-K,33723.3,5407.99,28143.68,20588.31,7274.3,1.366973783
NI,NiSource,0001111711,0001111711-24-000011,2/21/2024,2023,10-K,5347.8,714.3,31077.2,8269.6,1935.1,3.758005224
NKE,"Nike, Inc.",0000320187,0000320187-24-000044,7/25/2024,2023,10-K,51217,5070,37531,14004,5841,2.680019994
NOC,Northrop Grumman,0001133421,0001133421-24-000006,1/25/2024,2023,10-K,39290,2056,31749,14795,3875,2.145927678
NOW,ServiceNow,0001373715,0001373715-24-000030,1/25/2024,2023,10-K,8971,1731,9759,7628,3398,1.279365496
NRG,NRG Energy,0001013871,0001013871-24-000005,2/28/2024,2023,10-K,28823,-202,23132,2906,-221,7.960082588
NSC,Norfolk Southern,0000702165,0000702165-24-000005,2/5/2024,2023,10-K,12156,1827,28871,12781,3179,2.25889993
NTAP,NetApp,0001002047,0000950170-24-071327,6/10/2024,2023,10-K,6362,1274,8659,1159,1107,7.471095772
NTRS,Northern Trust,0000073124,0000073124-24-000073,2/27/2024,2023,10-K,6773.5,1107.3,138885.2,11897.9,2625.6,11.67308517
NUE,Nucor,0000073309,0000950170-24-021195,2/27/2024,2023,10-K,8709.98,1136.54,13216.75,20940.63,7111.93,0.631153408
NVDA,Nvidia,0001045810,0001045810-24-000029,2/21/2024,2023,10-K,26974,4368,19081,22101,5641,0.863354599
NVR,"NVR, Inc.",0000906163,0000906163-24-000033,2/14/2024,2023,10-K,9518.2,1591.61,2237.03,4364.73,1497.99,0.512524257
NWS,News Corp (Class B),0001564708,0001564708-24-000408,8/13/2024,2023,10-K,9879,149,16921,8064,1092,2.098338294
NWSA,News Corp (Class A),0001564708,0001564708-24-000408,8/13/2024,2023,10-K,9879,149,16921,8064,1092,2.098338294
NXPI,NXP Semiconductors,0001413447,0001413447-24-000013,2/22/2024,2023,10-K,13276,2797,24353,8644,3513,2.81732994
O,Realty Income,0000726728,0000726728-24-000047,2/21/2024,2023,10-K,4078.99,872.31,24672.39,32941.47,2958.77,0.748976594
ODFL,Old Dominion,0000878927,0000950170-24-020176,2/26/2024,2023,10-K,5866.15,1239.5,1254.58,4257.81,1569.13,0.294653824
OKE,Oneok,0001039684,0001039684-25-000036,2/25/2025,2023,10-K,17677,2659,44266,16484,4421,2.685391895
OMC,Omnicom Group,0000029989,0000029989-24-000007,2/7/2024,2023,10-K,14692.2,1391.4,28044.6,3616.3,1421.9,7.755053508
ON,ON Semiconductor,0001097864,0001628280-24-003201,2/5/2024,2023,10-K,8253,2183.7,5414.6,7782.6,1977.5,0.695731504
ORCL,Oracle Corporation,0001341439,0000950170-24-075605,6/20/2024,2023,10-K,49954,8503,134384,1073,17165,125.2413793
ORLY,O’Reilly Automotive,0000898173,0000898173-24-000009,2/28/2024,2023,10-K,3707.86,516.88,13873,-1739.28,3034.08,-7.976289039
OTIS,Otis Worldwide,0001781335,0001781335-24-000013,2/2/2024,2023,10-K,14209,1406,14837,-4924,1627,-3.01320065
OXY,Occidental Petroleum,0000797468,0000797468-24-000034,2/14/2024,2023,10-K,28257,4696,74008,30250,12308,2.446545455
PARA,Paramount Global,0000813828,0000813828-24-000007,2/28/2024,2023,10-K,29652,-608,53543,22526,475,2.3769422
PAYC,Paycom,0001590955,0000950170-24-015863,2/15/2024,2023,10-K,1693.67,340.79,2894.5,1303,485.04,2.221412126
PAYX,Paychex,0000723531,0000950170-24-082958,7/11/2024,2023,10-K,5007.1,1557.3,7053.2,3493.2,1706.2,2.019122867
PCAR,Paccar,0000075362,0000950170-24-017900,2/21/2024,2023,10-K,35127.4,4600.8,40823.4,15878.8,4190,2.57093735
PCG,PG&E Corporation,0001004980,0001004980-24-000014,2/22/2024,2023,10-K,24428,2256,125698,25040,4747,5.019888179
PEG,Public Service Enterprise Group,0000788784,0001628280-24-006885,2/26/2024,2023,10-K,11237,2563,50741,15477,3806,3.278477741
PEP,PepsiCo,0000077476,0000077476-25-000007,2/4/2025,2023,10-K,91471,9074,81858,18503,13442,4.424039345
PFE,Pfizer,0000078003,0000078003-24-000039,2/22/2024,2023,10-K,58496,2119,137213,89014,8700,1.541476622
PFG,Principal Financial Group,0001126328,0001104659-24-025516,2/20/2024,2023,10-K,13665.8,623.2,293836.1,10916,3792.4,26.91792781
PG,Procter & Gamble,0000080424,0000080424-24-000083,8/5/2024,2023,10-K,82006,14653,73764,47065,16848,1.567279295
PGR,Progressive Corporation,0000080661,0000080661-24-000007,2/26/2024,2023,10-K,62108.5,3902.4,68413.7,20277.1,10643.3,3.373939074
PH,Parker Hannifin,0000076334,0000076334-23-000042,8/24/2023,2023,10-K,19065.19,2082.94,19626.19,10326.89,2979.93,1.900493759
PHM,PulteGroup,0000822416,0000822416-24-000010,2/5/2024,2023,10-K,16061.58,2602.37,5703.79,10383.26,2196.76,0.549325549
PKG,Packaging Corporation of America,0000075677,0000950170-24-022794,2/29/2024,2023,10-K,7802.4,765.2,8681.1,3997.3,1315.1,2.171740925
PLD,Prologis,0001045609,0000950170-24-014539,2/13/2024,2023,10-K,1768.59,3059.21,35197.12,53181.72,5373.06,0.66182741
PLTR,Palantir Technologies,0001321655,0001321655-24-000022,2/20/2024,2023,10-K,2225.01,209.82,961.46,3475.56,712.18,0.276634557
PM,Philip Morris International,0001413329,0001413329-24-000013,2/8/2024,2023,10-K,35174,7813,74750,-11225,9204,-6.659242762
PNC,PNC Financial Services,0000713676,0000713676-24-000028,2/21/2024,2023,10-K,21490,5647,510439,51105,10111,9.988044223
PNR,Pentair,0000077360,0000077360-24-000007,2/20/2024,2023,10-K,4104.5,622.7,3346.2,3217.1,619.2,1.040129309
PNW,Pinnacle West Capital,0000764622,0000764622-24-000016,2/27/2024,2023,10-K,4695.99,518.78,24661.15,6177.66,1207.7,3.991988876
POOL,Pool Corporation,0000945841,0000945841-24-000021,2/27/2024,2023,10-K,1206.77,101.7,2115.28,1312.79,888.23,1.611285887
PPG,PPG Industries,0000079879,0000079879-24-000040,2/15/2024,2023,10-K,18246,1270,13624,7832,2411,1.739530133
PPL,PPL Corporation,0000922224,0000922224-24-000008,2/16/2024,2023,10-K,8312,740,39236,13933,1758,2.816048231
PRU,Prudential Financial,0001137774,0001137774-24-000045,2/21/2024,2023,10-K,17045,1462,691336,27820,6510,24.85032351
PSA,Public Storage,0001393311,0001393311-24-000043,2/20/2024,2023,10-K,4517.69,2148.33,9702.27,10013.18,3246.65,0.968949924
PSX,Phillips 66,0001534701,0001534701-24-000078,2/21/2024,2023,10-K,147399,7015,43851,30583,7029,1.433835791
PTC,PTC Inc.,0000857005,0000950123-23-011049,11/20/2023,2023,10-K,2097.05,245.54,3611.55,2677.29,610.86,1.348957341
PWR,Quanta Services,0001050915,0001050915-24-000009,2/22/2024,2023,10-K,20882.21,744.69,9953.87,6272.24,1575.95,1.586972118
PYPL,PayPal,0001633917,0001633917-24-000024,2/8/2024,2023,10-K,29771,4246,61115,21051,4843,2.903187497
QCOM,Qualcomm,0000804328,0000804328-23-000055,11/1/2023,2023,10-K,35820,7232,29459,21581,11299,1.365043325
QRVO,Qorvo,0001604778,0001604778-24-000036,5/20/2024,2023,10-K,3569.4,103.15,2789.11,3902.79,843.23,0.714645164
RCL,Royal Caribbean Group,0000884887,0000884887-24-000075,2/21/2024,2023,10-K,13900,1697,30232,4724,4477,6.399661304
REG,Regency Centers,0000910606,0000950170-24-016260,2/16/2024,2023,10-K,1322.47,364.56,5234.98,7032.69,719.59,0.74437804
REGN,Regeneron Pharmaceuticals,0000872589,0001804220-24-000009,2/5/2024,2023,10-K,13117.2,3953.6,7107.1,25973.1,4594,0.273633105
RF,Regions Financial Corporation,0001281761,0001281761-24-000010,2/23/2024,2023,10-K,4767,2074,134701,17429,2308,7.728555855
RHI,Robert Half,0000315213,0000315213-24-000011,2/20/2024,2023,10-K,6392.52,411.15,1422.44,1588.35,636.88,0.895545692
RJF,Raymond James Financial,0000720005,0000720005-23-000079,11/21/2023,2023,10-K,12992,1739,68173,10214,-3514,6.674466419
RL,Ralph Lauren Corporation,0001037038,0001037038-24-000014,5/23/2024,2023,10-K,6443.6,522.7,4359,2430.5,411,1.793458136
RMD,ResMed,0000943819,0000943819-24-000013,8/9/2024,2023,10-K,4222.99,897.56,2621.8,4129.9,693.3,0.634833773
ROK,Rockwell Automation,0001024478,0001024478-23-000126,11/8/2023,2023,10-K,9058,1387.4,11304,3561.6,1374.6,3.173854447
ROL,"Rollins, Inc.",0000084839,0000084839-24-000025,2/15/2024,2023,10-K,3073.28,434.96,1439.89,1155.57,528.37,1.246043078
ROP,Roper Technologies,0000882835,0000882835-24-000008,2/22/2024,2023,10-K,1469.7,283.1,10722.7,17444.8,2035.1,0.614664542
ROST,Ross Stores,0000745732,0000745732-24-000009,4/2/2024,2023,10-K,18695.83,1512.04,13416.46,4288.58,1689.37,3.128415466
RSG,Republic Services,0001060391,0001060391-24-000142,2/29/2024,2023,10-K,17278.7,1730.98,31410.1,10542.3,3617.8,2.979435228
RTX,RTX Corporation,0000101829,0000101829-24-000008,2/5/2024,2023,10-K,68920,3195,100424,59798,7883,1.67938727
RVTY,Revvity,0000031791,0000031791-24-000004,2/27/2024,2023,10-K,3311.82,569.18,5691.93,7872.74,679.81,0.722992249
SBAC,SBA Communications,0001034054,0001034054-24-000002,2/28/2024,2023,10-K,675.52,101.22,10178.44,-5170.88,1544.39,-1.968415434
SBUX,Starbucks,0000829224,0000829224-23-000058,11/17/2023,2023,10-K,35975.6,4124.5,37433.3,-7994.8,6008.7,-4.682205934
SCHW,Charles Schwab Corporation,0000316709,0000316709-24-000018,2/23/2024,2023,10-K,18837,5067,452220,40958,19587,11.04106646
SHW,Sherwin-Williams,0000089800,0000089800-24-000033,2/20/2024,2023,10-K,23051.9,2388.8,22954.4,3715.8,3521.9,6.177512245
SJM,J.M. Smucker Company (The),0000091419,0000091419-24-000054,6/18/2024,2023,10-K,8529.2,-91.3,7700.6,7290.8,1194.4,1.056207824
SLB,Schlumberger,0000087347,0000950170-24-006884,1/24/2024,2023,10-K,33135,4203,26598,20189,6637,1.317450097
SMCI,Supermicro,0001375365,0001375365-25-000004,2/25/2025,2023,10-K,7123.48,640,1702.56,1972.01,663.58,0.863362762
SNA,Snap-on,0000091440,0000091440-24-000005,2/16/2024,2023,10-K,5108.3,1011.1,2451.5,5071.3,1154.2,0.483406622
SNPS,Synopsys,0000883241,0000883241-23-000019,12/12/2023,2023,10-K,5842.62,1229.89,4148.83,6147.31,1703.27,0.674901705
SO,Southern Company,0000092122,0000092122-24-000009,2/15/2024,2023,10-K,25253,3849,104106,31444,7553,3.310838316
SPG,Simon Property Group,0001063761,0001558370-24-001532,2/22/2024,2023,10-K,1350.85,519.25,30595.9,3022.83,3930.79,10.1216079
SPGI,S&P Global,0000064040,0000064040-24-000071,2/9/2024,2023,10-K,12497,2626,22489,34200,3710,0.657573099
SRE,Sempra,0001032208,0001032208-24-000007,2/27/2024,2023,10-K,16720,3075,87181,28675,6218,3.040313862
STE,Steris,0001757898,0001757898-24-000008,5/29/2024,2023,10-K,4536.27,107.03,4734.67,6077.2,756.95,0.779087409
STLD,Steel Dynamics,0001022671,0001558370-24-002152,2/29/2024,2023,10-K,18795.32,2450.88,6068.89,8866.67,3519.93,0.684461021
STT,State Street Corporation,0000093751,0000093751-24-000498,2/15/2024,2023,10-K,11945,1944,273459,23799,690,11.49035674
STX,Seagate Technology,0001137789,0001137789-25-000157,8/1/2025,2023,10-K,7384,-529,8755,-1199,942,-7.301918265
STZ,Constellation Brands,0000016918,0000016918-24-000054,4/23/2024,2023,10-K,9452.6,-71,15928.4,8413.6,2756.9,1.893172958
SW,Smurfit Westrock,0002005951,0002005951-25-000005,3/7/2025,2023,10-K,12093,825,7877,6158,1559,1.279149074
SWK,Stanley Black & Decker,0000093556,0000093556-24-000032,2/27/2024,2023,10-K,15781.1,-310.5,23663.8,9056.1,1191.3,2.613023266
SWKS,Skyworks Solutions,0000004127,0000004127-23-000030,11/17/2023,2023,10-K,4772.4,982.8,2344,6082.7,1856.4,0.385355188
SYF,Synchrony Financial,0001601712,0001601712-24-000047,2/8/2024,2023,10-K,20710,2238,103576,13903,8593,7.449902899
SYK,Stryker Corporation,0000310764,0000310764-24-000024,2/14/2024,2023,10-K,4778,592,21319,18593,3711,1.146614317
SYY,Sysco,0000096021,0000096021-24-000128,8/28/2024,2023,10-K,76325,1770,22821.15,2009,2868,11.35945744
T,AT&T,0000732717,0000732717-24-000009,2/23/2024,2023,10-K,30139,14400,407060,117442,38314,3.466051327
TAP,Molson Coors Beverage Company,0000024545,0000024545-24-000005,2/20/2024,2023,10-K,13884.6,948.9,12940,13196,2079,0.980600182
TDG,TransDigm Group,0001260221,0001260221-23-000081,11/9/2023,2023,10-K,6585,1298,21948,-1984,1375,-11.0625
TDY,Teledyne Technologies,0001094285,0001094285-24-000044,2/23/2024,2023,10-K,5458.6,788.6,5302.1,9221.2,486.8,0.57499024
TECH,Bio-Techne,0000842023,0001558370-24-012430,8/22/2024,2023,10-K,1136.7,285.26,2638.69,1966.52,254.39,1.341806847
TEL,TE Connectivity,0001385157,0001558370-23-018833,11/13/2023,2023,10-K,16034,1910,10057,11551,3132,0.870660549
TER,Teradyne,0000097210,0000950170-24-018701,2/22/2024,2023,10-K,2676.3,448.75,960.93,2525.9,585.23,0.380430738
TFC,Truist Financial,0000092230,0000092230-24-000010,2/27/2024,2023,10-K,12491,-1047,476096,59253,8631,8.034968694
TFX,Teleflex,0000096943,0000096943-24-000036,2/23/2024,2023,10-K,2974.49,356.33,3091.56,4440.99,511.68,0.696142076
TGT,Target Corporation,0000027419,0000027419-24-000032,3/13/2024,2023,10-K,109120,2780,53335,11232,4018,4.748486467
TJX,TJX Companies,0000109198,0000109198-24-000014,4/3/2024,2023,10-K,49936,3498,28349,6364,4084,4.454588309
TKO,TKO Group Holdings,0001973266,0000950170-25-027778,2/26/2025,2023,10-K,1674.97,-35.23,3840.19,4108.98,468.38,0.934584739
TMO,Thermo Fisher Scientific,0000097745,0000097745-24-000007,2/22/2024,2023,10-K,42857,5955,98726,46735,8406,2.112463892
TMUS,T-Mobile US,0001283699,0001283699-24-000008,2/2/2024,2023,10-K,78558,8317,207682,64715,18559,3.209178707
TPL,Texas Pacific Land Corporation,0001811074,0001811074-24-000015,2/21/2024,2023,10-K,631.6,405.64,113.2,1043.2,418.29,0.10851227
TPR,"Tapestry, Inc.",0001116132,0001116132-24-000018,8/15/2024,2023,10-K,6660.9,936,4839,2277.8,975.2,2.124418298
TRGP,Targa Resources,0001389170,0000950170-24-015841,2/15/2024,2023,10-K,16060.3,1345.9,20671.8,2739.7,3211.6,7.54527868
TRMB,Trimble Inc.,0000864749,0000864749-24-000047,2/26/2024,2023,10-K,3798.7,311.3,5039.2,4500.1,597.1,1.119797338
TROW,T. Rowe Price,0001113169,0001113169-24-000007,2/16/2024,2023,10-K,6460.5,1788.7,1987.6,9505.1,1219.1,0.209108794
TRV,Travelers Companies (The),0000086312,0000086312-24-000012,2/15/2024,2023,10-K,41364,2991,101057,24921,7711,4.055094097
TSCO,Tractor Supply,0000916365,0000916365-24-000046,2/23/2024,2023,10-K,14555.74,1107.23,7038.39,2149.76,1334.03,3.274035241
TSLA,"Tesla, Inc.",0001318605,0001628280-24-002390,1/29/2024,2023,10-K,96773,14997,43009,62634,13256,0.686671776
TSN,Tyson Foods,0000100493,0000100493-23-000105,11/13/2023,2023,10-K,52881,-648,36251,18133,1752,1.999172779
TT,Trane Technologies,0001466258,0001466258-24-000047,2/8/2024,2023,10-K,17677.6,2023.9,12374.9,6995.2,2389.6,1.769055924
TTD,Trade Desk (The),0001671933,0001671933-24-000014,2/15/2024,2023,10-K,1946.12,178.94,2724.47,2164.22,598.32,1.258869246
TTWO,Take-Two Interactive,0000946581,0001628280-24-024623,5/22/2024,2023,10-K,5349.9,-1124.7,6819.6,9042.5,1.1,0.754171966
TXN,Texas Instruments,0000097476,0000097476-24-000007,2/2/2024,2023,10-K,17519,6510,15451,16897,6420,0.914422679
TXT,Textron,0000217346,0000217346-24-000017,2/12/2024,2023,10-K,13683,921,9869,6987,1266,1.412480321
TYL,Tyler Technologies,0000860731,0000860731-24-000006,2/21/2024,2023,10-K,1951.75,165.92,1738.67,2937.99,380.44,0.591788944
UAL,United Airlines Holdings,0000100517,0000100517-24-000027,2/29/2024,2023,10-K,53717,2618,71104,9324,6911,7.625911626
UDR,"UDR, Inc.",0000074208,0000074208-24-000011,2/20/2024,2023,10-K,1627.5,444.35,6420.8,3991.14,832.66,1.608763411
UHS,Universal Health Services,0000352915,0000950170-24-021175,2/27/2024,2023,10-K,14281.98,717.79,13967.6,6149,1267.8,2.271523825
ULTA,Ulta Beauty,0001403568,0001558370-24-003941,3/26/2024,2023,10-K,10208.58,1242.41,3410.6,1959.81,1481.91,1.740270741
UNH,UnitedHealth Group,0000731766,0000731766-24-000081,2/28/2024,2023,10-K,371622,22381,174801,94421,29068,1.851293674
UNP,Union Pacific Corporation,0000100885,0001437749-24-003599,2/9/2024,2023,10-K,24119,6379,52344,14788,8379,3.539626724
UPS,United Parcel Service,0001090727,0001090727-24-000008,2/20/2024,2023,10-K,90958,6708,70857,17306,10238,4.094360337
URI,United Rentals,0001067701,0001067701-24-000007,1/24/2024,2023,10-K,3285,451,17459,8130,4704,2.147478475
USB,U.S. Bancorp,0000036104,0000036104-24-000018,2/20/2024,2023,10-K,28144,5429,607720,55306,8447,10.98831953
V,Visa Inc.,0001403161,0001403161-23-000099,11/15/2023,2023,10-K,32653,17273,51766,38733,20755,1.336483102
VFC,VF Corporation,0000103379,0000103379-24-000008,5/23/2024,2023,10-K,11612.48,118.58,11079.77,2910.71,-655.79,3.806552353
VICI,Vici Properties,0001705696,0001705696-24-000033,2/22/2024,2023,10-K,3611.99,2513.54,18402.07,25255.93,2181.01,0.728623733
VLO,Valero Energy,0001035002,0001035002-24-000007,2/22/2024,2023,10-K,144766,8835,63056,26346,9229,2.393380399
VMC,Vulcan Materials Company,0001396009,0001396009-24-000006,2/22/2024,2023,10-K,7781.9,933.2,7037.8,7483.4,1536.8,0.940454873
VRSK,Verisk Analytics,0001442145,0001437749-24-004939,2/21/2024,2023,10-K,2681.4,614.6,4043.9,310,1060.7,13.04483871
VRSN,Verisign,0001014473,0001014473-24-000006,2/15/2024,2023,10-K,1493.1,817.6,3330,-1581,853.8,-2.10626186
VRTX,Vertex Pharmaceuticals,0000875320,0000875320-24-000062,2/15/2024,2023,10-K,9869.2,3619.6,5149.8,17580.4,3537.3,0.292928489
VST,Vistra Corp.,0001692819,0001692819-24-000012,2/29/2024,2023,10-K,14779,1493,27644,5307,5453,5.208969286
VTR,Ventas,0000740260,0000740260-24-000067,2/15/2024,2023,10-K,4497.83,-30.3,14878.39,9488.06,1119.87,1.568117192
VTRS,Viatris,0001792044,0001792044-24-000008,2/28/2024,2023,10-K,15426.9,54.7,27218.1,20467.4,2799.6,1.329826944
VZ,Verizon,0000732712,0000732712-24-000010,2/9/2024,2023,10-K,133974,11614,380255,93799,37475,4.053934477
WAB,Wabtec,0000943452,0001628280-24-004774,2/14/2024,2023,10-K,9677,815,8464,10487,1201,0.807094498
WAT,Waters Corporation,0001000697,0001193125-25-034579,2/25/2025,2023,10-K,684.67,642.23,3476.51,1150.34,602.81,3.022158666
WBA,Walgreens Boots Alliance,0001618921,0001618921-23-000062,10/12/2023,2023,10-K,34862,703,68140,20020,2258,3.403596404
WBD,Warner Bros. Discovery,0001437107,0001437107-24-000017,2/23/2024,2023,10-K,41321,-3126,76285,45226,7477,1.686750984
WDAY,"Workday, Inc.",0001327811,0001327811-24-000044,3/8/2024,2023,10-K,6216,-367,7900.67,5585,1657,1.414623098
WDC,Western Digital,0000106040,0000106040-25-000038,8/14/2025,2023,10-K,6255,-1684,12706,10964,-408,1.158883619
WEC,WEC Energy Group,0000783325,0000107815-24-000095,2/22/2024,2023,10-K,8893,1331.7,43939.7,12071.5,3018.4,3.63995361
WELL,Welltower,0000766704,0000766704-24-000008,2/15/2024,2023,10-K,6637.99,358.14,17640.44,25404.38,1601.86,0.694385771
WFC,Wells Fargo,0000072971,0000072971-24-000064,2/20/2024,2023,10-K,82597,19142,1745025,185735,40358,9.395240531
WHR,Whirlpool Corporation,0000106640,0000106640-24-000020,2/14/2024,2023,10-K,19455,481,17312,2362,915,7.32938188
WM,Waste Management,0000823768,0001558370-24-001049,2/13/2024,2023,10-K,20426,2304,25927,6903,4719,3.75590323
WMB,Williams Companies,0000107263,0000107263-24-000019,2/21/2024,2023,10-K,10907,3179,52627,12402,5938,4.243428479
WMT,Walmart,0000104169,0000104169-24-000056,3/15/2024,2023,10-K,611289,11680,243197,76693,28841,3.171045597
WRB,W. R. Berkley Corporation,0000011544,0000011544-24-000005,2/23/2024,2023,10-K,12142.94,1381.36,29732.78,7455.43,2929.24,3.98807044
WSM,"Williams-Sonoma, Inc.",0000719955,0001628280-24-012221,3/20/2024,2023,10-K,8674.42,1127.9,2961.97,1701.05,1052.82,1.74125981
WST,West Pharmaceutical Services,0000105770,0000105770-24-000015,2/20/2024,2023,10-K,2949.8,593.4,948.5,2881,776.5,0.329225963
WTW,Willis Towers Watson,0001140536,0000950170-24-018575,2/22/2024,2023,10-K,9483,1055,19497,9520,1345,2.048004202
WY,Weyerhaeuser,0000106535,0000950170-24-016434,2/16/2024,2023,10-K,7674,839,6747,10236,1433,0.659144197
WYNN,Wynn Resorts,0001174922,0001174922-24-000046,2/23/2024,2023,10-K,6531.9,729.99,15097.16,-251.38,1247.88,-60.05712467
XEL,Xcel Energy,0000072903,0000072903-24-000034,2/21/2024,2023,10-K,14206,1771,64079,17616,5327,3.637545413
XOM,ExxonMobil,0000034088,0000034088-24-000018,2/28/2024,2023,10-K,344582,36010,163779,204802,55369,0.799694339
XRAY,Dentsply Sirona,0000818479,0000818479-24-000021,2/29/2024,2023,10-K,3965,-132,4076,3293,377,1.237777103
XYL,Xylem Inc.,0001524472,0001524472-24-000006,2/28/2024,2023,10-K,7364,609,5936,10166,837,0.583907141
XYZ,"Block, Inc.",0001512673,0001628280-24-006354,2/22/2024,2023,10-K,21915.62,9.77,15377.06,18695.26,100.96,0.822511161
YUM,Yum! Brands,0001041061,0001041061-24-000011,2/20/2024,2023,10-K,7076,1597,14089,-7858,1603,-1.79294986
ZBH,Zimmer Biomet,0001136869,0000950170-24-019353,2/23/2024,2023,10-K,7394.2,1024,9008.7,12480.5,1581.6,0.721822042
ZBRA,Zebra Technologies,0000877212,0000877212-24-000029,2/15/2024,2023,10-K,4584,296,4270,3036,-4,1.406455863
ZION,Zions Bancorporation,0000109380,0000109380-24-000061,2/23/2024,2023,10-K,620,204,81512,5691,885,14.32296609
ZTS,Zoetis,0001555280,0001555280-24-000143,2/13/2024,2023,10-K,8544,2344,9295,4997,2353,1.86011607
